shamsi,miladi
1400/01/01,2021/03/21
1400/01/02,2021/03/22
1400/01/03,2021/03/23
1400/01/04,2021/03/24
1400/01/05,2021/03/25
1400/01/06,2021/03/26
1400/01/07,2021/03/27
1400/01/08,2021/03/28
1400/01/09,2021/03/29
1400/01/10,2021/03/30
1400/01/11,2021/03/31
1400/01/12,2021/04/01
1400/01/13,2021/04/02
1400/01/14,2021/04/03
1400/01/15,2021/04/04
1400/01/16,2021/04/05
1400/01/17,2021/04/06
1400/01/18,2021/04/07
1400/01/19,2021/04/08
1400/01/20,2021/04/09
1400/01/21,2021/04/10
1400/01/22,2021/04/11
1400/01/23,2021/04/12
1400/01/24,2021/04/13
1400/01/25,2021/04/14
1400/01/26,2021/04/15
1400/01/27,2021/04/16
1400/01/28,2021/04/17
1400/01/29,2021/04/18
1400/01/30,2021/04/19
1400/01/31,2021/04/20
1400/02/01,2021/04/21
1400/02/02,2021/04/22
1400/02/03,2021/04/23
1400/02/04,2021/04/24
1400/02/05,2021/04/25
1400/02/06,2021/04/26
1400/02/07,2021/04/27
1400/02/08,2021/04/28
1400/02/09,2021/04/29
1400/02/10,2021/04/30
1400/02/11,2021/05/01
1400/02/12,2021/05/02
1400/02/13,2021/05/03
1400/02/14,2021/05/04
1400/02/15,2021/05/05
1400/02/16,2021/05/06
1400/02/17,2021/05/07
1400/02/18,2021/05/08
1400/02/19,2021/05/09
1400/02/20,2021/05/10
1400/02/21,2021/05/11
1400/02/22,2021/05/12
1400/02/23,2021/05/13
1400/02/24,2021/05/14
1400/02/25,2021/05/15
1400/02/26,2021/05/16
1400/02/27,2021/05/17
1400/02/28,2021/05/18
1400/02/29,2021/05/19
1400/02/30,2021/05/20
1400/02/31,2021/05/21
1400/03/01,2021/05/22
1400/03/02,2021/05/23
1400/03/03,2021/05/24
1400/03/04,2021/05/25
1400/03/05,2021/05/26
1400/03/06,2021/05/27
1400/03/07,2021/05/28
1400/03/08,2021/05/29
1400/03/09,2021/05/30
1400/03/10,2021/05/31
1400/03/11,2021/06/01
1400/03/12,2021/06/02
1400/03/13,2021/06/03
1400/03/14,2021/06/04
1400/03/15,2021/06/05
1400/03/16,2021/06/06
1400/03/17,2021/06/07
1400/03/18,2021/06/08
1400/03/19,2021/06/09
1400/03/20,2021/06/10
1400/03/21,2021/06/11
1400/03/22,2021/06/12
1400/03/23,2021/06/13
1400/03/24,2021/06/14
1400/03/25,2021/06/15
1400/03/26,2021/06/16
1400/03/27,2021/06/17
1400/03/28,2021/06/18
1400/03/29,2021/06/19
1400/03/30,2021/06/20
1400/03/31,2021/06/21
1400/04/01,2021/06/22
1400/04/02,2021/06/23
1400/04/03,2021/06/24
1400/04/04,2021/06/25
1400/04/05,2021/06/26
1400/04/06,2021/06/27
1400/04/07,2021/06/28
1400/04/08,2021/06/29
1400/04/09,2021/06/30
1400/04/10,2021/07/01
1400/04/11,2021/07/02
1400/04/12,2021/07/03
1400/04/13,2021/07/04
1400/04/14,2021/07/05
1400/04/15,2021/07/06
1400/04/16,2021/07/07
1400/04/17,2021/07/08
1400/04/18,2021/07/09
1400/04/19,2021/07/10
1400/04/20,2021/07/11
1400/04/21,2021/07/12
1400/04/22,2021/07/13
1400/04/23,2021/07/14
1400/04/24,2021/07/15
1400/04/25,2021/07/16
1400/04/26,2021/07/17
1400/04/27,2021/07/18
1400/04/28,2021/07/19
1400/04/29,2021/07/20
1400/04/30,2021/07/21
1400/04/31,2021/07/22
1400/05/01,2021/07/23
1400/05/02,2021/07/24
1400/05/03,2021/07/25
1400/05/04,2021/07/26
1400/05/05,2021/07/27
1400/05/06,2021/07/28
1400/05/07,2021/07/29
1400/05/08,2021/07/30
1400/05/09,2021/07/31
1400/05/10,2021/08/01
1400/05/11,2021/08/02
1400/05/12,2021/08/03
1400/05/13,2021/08/04
1400/05/14,2021/08/05
1400/05/15,2021/08/06
1400/05/16,2021/08/07
1400/05/17,2021/08/08
1400/05/18,2021/08/09
1400/05/19,2021/08/10
1400/05/20,2021/08/11
1400/05/21,2021/08/12
1400/05/22,2021/08/13
1400/05/23,2021/08/14
1400/05/24,2021/08/15
1400/05/25,2021/08/16
1400/05/26,2021/08/17
1400/05/27,2021/08/18
1400/05/28,2021/08/19
1400/05/29,2021/08/20
1400/05/30,2021/08/21
1400/05/31,2021/08/22
1400/06/01,2021/08/23
1400/06/02,2021/08/24
1400/06/03,2021/08/25
1400/06/04,2021/08/26
1400/06/05,2021/08/27
1400/06/06,2021/08/28
1400/06/07,2021/08/29
1400/06/08,2021/08/30
1400/06/09,2021/08/31
1400/06/10,2021/09/01
1400/06/11,2021/09/02
1400/06/12,2021/09/03
1400/06/13,2021/09/04
1400/06/14,2021/09/05
1400/06/15,2021/09/06
1400/06/16,2021/09/07
1400/06/17,2021/09/08
1400/06/18,2021/09/09
1400/06/19,2021/09/10
1400/06/20,2021/09/11
1400/06/21,2021/09/12
1400/06/22,2021/09/13
1400/06/23,2021/09/14
1400/06/24,2021/09/15
1400/06/25,2021/09/16
1400/06/26,2021/09/17
1400/06/27,2021/09/18
1400/06/28,2021/09/19
1400/06/29,2021/09/20
1400/06/30,2021/09/21
1400/06/31,2021/09/22
1400/07/01,2021/09/23
1400/07/02,2021/09/24
1400/07/03,2021/09/25
1400/07/04,2021/09/26
1400/07/05,2021/09/27
1400/07/06,2021/09/28
1400/07/07,2021/09/29
1400/07/08,2021/09/30
1400/07/09,2021/10/01
1400/07/10,2021/10/02
1400/07/11,2021/10/03
1400/07/12,2021/10/04
1400/07/13,2021/10/05
1400/07/14,2021/10/06
1400/07/15,2021/10/07
1400/07/16,2021/10/08
1400/07/17,2021/10/09
1400/07/18,2021/10/10
1400/07/19,2021/10/11
1400/07/20,2021/10/12
1400/07/21,2021/10/13
1400/07/22,2021/10/14
1400/07/23,2021/10/15
1400/07/24,2021/10/16
1400/07/25,2021/10/17
1400/07/26,2021/10/18
1400/07/27,2021/10/19
1400/07/28,2021/10/20
1400/07/29,2021/10/21
1400/07/30,2021/10/22
1400/08/01,2021/10/23
1400/08/02,2021/10/24
1400/08/03,2021/10/25
1400/08/04,2021/10/26
1400/08/05,2021/10/27
1400/08/06,2021/10/28
1400/08/07,2021/10/29
1400/08/08,2021/10/30
1400/08/09,2021/10/31
1400/08/10,2021/11/01
1400/08/11,2021/11/02
1400/08/12,2021/11/03
1400/08/13,2021/11/04
1400/08/14,2021/11/05
1400/08/15,2021/11/06
1400/08/16,2021/11/07
1400/08/17,2021/11/08
1400/08/18,2021/11/09
1400/08/19,2021/11/10
1400/08/20,2021/11/11
1400/08/21,2021/11/12
1400/08/22,2021/11/13
1400/08/23,2021/11/14
1400/08/24,2021/11/15
1400/08/25,2021/11/16
1400/08/26,2021/11/17
1400/08/27,2021/11/18
1400/08/28,2021/11/19
1400/08/29,2021/11/20
1400/08/30,2021/11/21
1400/09/01,2021/11/22
1400/09/02,2021/11/23
1400/09/03,2021/11/24
1400/09/04,2021/11/25
1400/09/05,2021/11/26
1400/09/06,2021/11/27
1400/09/07,2021/11/28
1400/09/08,2021/11/29
1400/09/09,2021/11/30
1400/09/10,2021/12/01
1400/09/11,2021/12/02
1400/09/12,2021/12/03
1400/09/13,2021/12/04
1400/09/14,2021/12/05
1400/09/15,2021/12/06
1400/09/16,2021/12/07
1400/09/17,2021/12/08
1400/09/18,2021/12/09
1400/09/19,2021/12/10
1400/09/20,2021/12/11
1400/09/21,2021/12/12
1400/09/22,2021/12/13
1400/09/23,2021/12/14
1400/09/24,2021/12/15
1400/09/25,2021/12/16
1400/09/26,2021/12/17
1400/09/27,2021/12/18
1400/09/28,2021/12/19
1400/09/29,2021/12/20
1400/09/30,2021/12/21
1400/10/01,2021/12/22
1400/10/02,2021/12/23
1400/10/03,2021/12/24
1400/10/04,2021/12/25
1400/10/05,2021/12/26
1400/10/06,2021/12/27
1400/10/07,2021/12/28
1400/10/08,2021/12/29
1400/10/09,2021/12/30
1400/10/10,2021/12/31
1400/10/11,2022/01/01
1400/10/12,2022/01/02
1400/10/13,2022/01/03
1400/10/14,2022/01/04
1400/10/15,2022/01/05
1400/10/16,2022/01/06
1400/10/17,2022/01/07
1400/10/18,2022/01/08
1400/10/19,2022/01/09
1400/10/20,2022/01/10
1400/10/21,2022/01/11
1400/10/22,2022/01/12
1400/10/23,2022/01/13
1400/10/24,2022/01/14
1400/10/25,2022/01/15
1400/10/26,2022/01/16
1400/10/27,2022/01/17
1400/10/28,2022/01/18
1400/10/29,2022/01/19
1400/10/30,2022/01/20
1400/11/01,2022/01/21
1400/11/02,2022/01/22
1400/11/03,2022/01/23
1400/11/04,2022/01/24
1400/11/05,2022/01/25
1400/11/06,2022/01/26
1400/11/07,2022/01/27
1400/11/08,2022/01/28
1400/11/09,2022/01/29
1400/11/10,2022/01/30
1400/11/11,2022/01/31
1400/11/12,2022/02/01
1400/11/13,2022/02/02
1400/11/14,2022/02/03
1400/11/15,2022/02/04
1400/11/16,2022/02/05
1400/11/17,2022/02/06
1400/11/18,2022/02/07
1400/11/19,2022/02/08
1400/11/20,2022/02/09
1400/11/21,2022/02/10
1400/11/22,2022/02/11
1400/11/23,2022/02/12
1400/11/24,2022/02/13
1400/11/25,2022/02/14
1400/11/26,2022/02/15
1400/11/27,2022/02/16
1400/11/28,2022/02/17
1400/11/29,2022/02/18
1400/11/30,2022/02/19
1400/12/01,2022/02/20
1400/12/02,2022/02/21
1400/12/03,2022/02/22
1400/12/04,2022/02/23
1400/12/05,2022/02/24
1400/12/06,2022/02/25
1400/12/07,2022/02/26
1400/12/08,2022/02/27
1400/12/09,2022/02/28
1400/12/10,2022/03/01
1400/12/11,2022/03/02
1400/12/12,2022/03/03
1400/12/13,2022/03/04
1400/12/14,2022/03/05
1400/12/15,2022/03/06
1400/12/16,2022/03/07
1400/12/17,2022/03/08
1400/12/18,2022/03/09
1400/12/19,2022/03/10
1400/12/20,2022/03/11
1400/12/21,2022/03/12
1400/12/22,2022/03/13
1400/12/23,2022/03/14
1400/12/24,2022/03/15
1400/12/25,2022/03/16
1400/12/26,2022/03/17
1400/12/27,2022/03/18
1400/12/28,2022/03/19
1400/12/29,2022/03/20
1401/01/01,2022/03/21
1401/01/02,2022/03/22
1401/01/03,2022/03/23
1401/01/04,2022/03/24
1401/01/05,2022/03/25
1401/01/06,2022/03/26
1401/01/07,2022/03/27
1401/01/08,2022/03/28
1401/01/09,2022/03/29
1401/01/10,2022/03/30
1401/01/11,2022/03/31
1401/01/12,2022/04/01
1401/01/13,2022/04/02
1401/01/14,2022/04/03
1401/01/15,2022/04/04
1401/01/16,2022/04/05
1401/01/17,2022/04/06
1401/01/18,2022/04/07
1401/01/19,2022/04/08
1401/01/20,2022/04/09
1401/01/21,2022/04/10
1401/01/22,2022/04/11
1401/01/23,2022/04/12
1401/01/24,2022/04/13
1401/01/25,2022/04/14
1401/01/26,2022/04/15
1401/01/27,2022/04/16
1401/01/28,2022/04/17
1401/01/29,2022/04/18
1401/01/30,2022/04/19
1401/01/31,2022/04/20
1401/02/01,2022/04/21
1401/02/02,2022/04/22
1401/02/03,2022/04/23
1401/02/04,2022/04/24
1401/02/05,2022/04/25
1401/02/06,2022/04/26
1401/02/07,2022/04/27
1401/02/08,2022/04/28
1401/02/09,2022/04/29
1401/02/10,2022/04/30
1401/02/11,2022/05/01
1401/02/12,2022/05/02
1401/02/13,2022/05/03
1401/02/14,2022/05/04
1401/02/15,2022/05/05
1401/02/16,2022/05/06
1401/02/17,2022/05/07
1401/02/18,2022/05/08
1401/02/19,2022/05/09
1401/02/20,2022/05/10
1401/02/21,2022/05/11
1401/02/22,2022/05/12
1401/02/23,2022/05/13
1401/02/24,2022/05/14
1401/02/25,2022/05/15
1401/02/26,2022/05/16
1401/02/27,2022/05/17
1401/02/28,2022/05/18
1401/02/29,2022/05/19
1401/02/30,2022/05/20
1401/02/31,2022/05/21
1401/03/01,2022/05/22
1401/03/02,2022/05/23
1401/03/03,2022/05/24
1401/03/04,2022/05/25
1401/03/05,2022/05/26
1401/03/06,2022/05/27
1401/03/07,2022/05/28
1401/03/08,2022/05/29
1401/03/09,2022/05/30
1401/03/10,2022/05/31
1401/03/11,2022/06/01
1401/03/12,2022/06/02
1401/03/13,2022/06/03
1401/03/14,2022/06/04
1401/03/15,2022/06/05
1401/03/16,2022/06/06
1401/03/17,2022/06/07
1401/03/18,2022/06/08
1401/03/19,2022/06/09
1401/03/20,2022/06/10
1401/03/21,2022/06/11
1401/03/22,2022/06/12
1401/03/23,2022/06/13
1401/03/24,2022/06/14
1401/03/25,2022/06/15
1401/03/26,2022/06/16
1401/03/27,2022/06/17
1401/03/28,2022/06/18
1401/03/29,2022/06/19
1401/03/30,2022/06/20
1401/03/31,2022/06/21
1401/04/01,2022/06/22
1401/04/02,2022/06/23
1401/04/03,2022/06/24
1401/04/04,2022/06/25
1401/04/05,2022/06/26
1401/04/06,2022/06/27
1401/04/07,2022/06/28
1401/04/08,2022/06/29
1401/04/09,2022/06/30
1401/04/10,2022/07/01
1401/04/11,2022/07/02
1401/04/12,2022/07/03
1401/04/13,2022/07/04
1401/04/14,2022/07/05
1401/04/15,2022/07/06
1401/04/16,2022/07/07
1401/04/17,2022/07/08
1401/04/18,2022/07/09
1401/04/19,2022/07/10
1401/04/20,2022/07/11
1401/04/21,2022/07/12
1401/04/22,2022/07/13
1401/04/23,2022/07/14
1401/04/24,2022/07/15
1401/04/25,2022/07/16
1401/04/26,2022/07/17
1401/04/27,2022/07/18
1401/04/28,2022/07/19
1401/04/29,2022/07/20
1401/04/30,2022/07/21
1401/04/31,2022/07/22
1401/05/01,2022/07/23
1401/05/02,2022/07/24
1401/05/03,2022/07/25
1401/05/04,2022/07/26
1401/05/05,2022/07/27
1401/05/06,2022/07/28
1401/05/07,2022/07/29
1401/05/08,2022/07/30
1401/05/09,2022/07/31
1401/05/10,2022/08/01
1401/05/11,2022/08/02
1401/05/12,2022/08/03
1401/05/13,2022/08/04
1401/05/14,2022/08/05
1401/05/15,2022/08/06
1401/05/16,2022/08/07
1401/05/17,2022/08/08
1401/05/18,2022/08/09
1401/05/19,2022/08/10
1401/05/20,2022/08/11
1401/05/21,2022/08/12
1401/05/22,2022/08/13
1401/05/23,2022/08/14
1401/05/24,2022/08/15
1401/05/25,2022/08/16
1401/05/26,2022/08/17
1401/05/27,2022/08/18
1401/05/28,2022/08/19
1401/05/29,2022/08/20
1401/05/30,2022/08/21
1401/05/31,2022/08/22
1401/06/01,2022/08/23
1401/06/02,2022/08/24
1401/06/03,2022/08/25
1401/06/04,2022/08/26
1401/06/05,2022/08/27
1401/06/06,2022/08/28
1401/06/07,2022/08/29
1401/06/08,2022/08/30
1401/06/09,2022/08/31
1401/06/10,2022/09/01
1401/06/11,2022/09/02
1401/06/12,2022/09/03
1401/06/13,2022/09/04
1401/06/14,2022/09/05
1401/06/15,2022/09/06
1401/06/16,2022/09/07
1401/06/17,2022/09/08
1401/06/18,2022/09/09
1401/06/19,2022/09/10
1401/06/20,2022/09/11
1401/06/21,2022/09/12
1401/06/22,2022/09/13
1401/06/23,2022/09/14
1401/06/24,2022/09/15
1401/06/25,2022/09/16
1401/06/26,2022/09/17
1401/06/27,2022/09/18
1401/06/28,2022/09/19
1401/06/29,2022/09/20
1401/06/30,2022/09/21
1401/06/31,2022/09/22
1401/07/01,2022/09/23
1401/07/02,2022/09/24
1401/07/03,2022/09/25
1401/07/04,2022/09/26
1401/07/05,2022/09/27
1401/07/06,2022/09/28
1401/07/07,2022/09/29
1401/07/08,2022/09/30
1401/07/09,2022/10/01
1401/07/10,2022/10/02
1401/07/11,2022/10/03
1401/07/12,2022/10/04
1401/07/13,2022/10/05
1401/07/14,2022/10/06
1401/07/15,2022/10/07
1401/07/16,2022/10/08
1401/07/17,2022/10/09
1401/07/18,2022/10/10
1401/07/19,2022/10/11
1401/07/20,2022/10/12
1401/07/21,2022/10/13
1401/07/22,2022/10/14
1401/07/23,2022/10/15
1401/07/24,2022/10/16
1401/07/25,2022/10/17
1401/07/26,2022/10/18
1401/07/27,2022/10/19
1401/07/28,2022/10/20
1401/07/29,2022/10/21
1401/07/30,2022/10/22
1401/08/01,2022/10/23
1401/08/02,2022/10/24
1401/08/03,2022/10/25
1401/08/04,2022/10/26
1401/08/05,2022/10/27
1401/08/06,2022/10/28
1401/08/07,2022/10/29
1401/08/08,2022/10/30
1401/08/09,2022/10/31
1401/08/10,2022/11/01
1401/08/11,2022/11/02
1401/08/12,2022/11/03
1401/08/13,2022/11/04
1401/08/14,2022/11/05
1401/08/15,2022/11/06
1401/08/16,2022/11/07
1401/08/17,2022/11/08
1401/08/18,2022/11/09
1401/08/19,2022/11/10
1401/08/20,2022/11/11
1401/08/21,2022/11/12
1401/08/22,2022/11/13
1401/08/23,2022/11/14
1401/08/24,2022/11/15
1401/08/25,2022/11/16
1401/08/26,2022/11/17
1401/08/27,2022/11/18
1401/08/28,2022/11/19
1401/08/29,2022/11/20
1401/08/30,2022/11/21
1401/09/01,2022/11/22
1401/09/02,2022/11/23
1401/09/03,2022/11/24
1401/09/04,2022/11/25
1401/09/05,2022/11/26
1401/09/06,2022/11/27
1401/09/07,2022/11/28
1401/09/08,2022/11/29
1401/09/09,2022/11/30
1401/09/10,2022/12/01
1401/09/11,2022/12/02
1401/09/12,2022/12/03
1401/09/13,2022/12/04
1401/09/14,2022/12/05
1401/09/15,2022/12/06
1401/09/16,2022/12/07
1401/09/17,2022/12/08
1401/09/18,2022/12/09
1401/09/19,2022/12/10
1401/09/20,2022/12/11
1401/09/21,2022/12/12
1401/09/22,2022/12/13
1401/09/23,2022/12/14
1401/09/24,2022/12/15
1401/09/25,2022/12/16
1401/09/26,2022/12/17
1401/09/27,2022/12/18
1401/09/28,2022/12/19
1401/09/29,2022/12/20
1401/09/30,2022/12/21
1401/10/01,2022/12/22
1401/10/02,2022/12/23
1401/10/03,2022/12/24
1401/10/04,2022/12/25
1401/10/05,2022/12/26
1401/10/06,2022/12/27
1401/10/07,2022/12/28
1401/10/08,2022/12/29
1401/10/09,2022/12/30
1401/10/10,2022/12/31
1401/10/11,2023/01/01
1401/10/12,2023/01/02
1401/10/13,2023/01/03
1401/10/14,2023/01/04
1401/10/15,2023/01/05
1401/10/16,2023/01/06
1401/10/17,2023/01/07
1401/10/18,2023/01/08
1401/10/19,2023/01/09
1401/10/20,2023/01/10
1401/10/21,2023/01/11
1401/10/22,2023/01/12
1401/10/23,2023/01/13
1401/10/24,2023/01/14
1401/10/25,2023/01/15
1401/10/26,2023/01/16
1401/10/27,2023/01/17
1401/10/28,2023/01/18
1401/10/29,2023/01/19
1401/10/30,2023/01/20
1401/11/01,2023/01/21
1401/11/02,2023/01/22
1401/11/03,2023/01/23
1401/11/04,2023/01/24
1401/11/05,2023/01/25
1401/11/06,2023/01/26
1401/11/07,2023/01/27
1401/11/08,2023/01/28
1401/11/09,2023/01/29
1401/11/10,2023/01/30
1401/11/11,2023/01/31
1401/11/12,2023/02/01
1401/11/13,2023/02/02
1401/11/14,2023/02/03
1401/11/15,2023/02/04
1401/11/16,2023/02/05
1401/11/17,2023/02/06
1401/11/18,2023/02/07
1401/11/19,2023/02/08
1401/11/20,2023/02/09
1401/11/21,2023/02/10
1401/11/22,2023/02/11
1401/11/23,2023/02/12
1401/11/24,2023/02/13
1401/11/25,2023/02/14
1401/11/26,2023/02/15
1401/11/27,2023/02/16
1401/11/28,2023/02/17
1401/11/29,2023/02/18
1401/11/30,2023/02/19
1401/12/01,2023/02/20
1401/12/02,2023/02/21
1401/12/03,2023/02/22
1401/12/04,2023/02/23
1401/12/05,2023/02/24
1401/12/06,2023/02/25
1401/12/07,2023/02/26
1401/12/08,2023/02/27
1401/12/09,2023/02/28
1401/12/10,2023/03/01
1401/12/11,2023/03/02
1401/12/12,2023/03/03
1401/12/13,2023/03/04
1401/12/14,2023/03/05
1401/12/15,2023/03/06
1401/12/16,2023/03/07
1401/12/17,2023/03/08
1401/12/18,2023/03/09
1401/12/19,2023/03/10
1401/12/20,2023/03/11
1401/12/21,2023/03/12
1401/12/22,2023/03/13
1401/12/23,2023/03/14
1401/12/24,2023/03/15
1401/12/25,2023/03/16
1401/12/26,2023/03/17
1401/12/27,2023/03/18
1401/12/28,2023/03/19
1401/12/29,2023/03/20